item,type,area,climate,locale,difficulty,form,prep,cost,AF,comment,effect,lvl
Abaas,Concussion Relief,---,---,---,light,Leaf,Ingest,3cp,0, ,Heals 2-12 hit points.,1
Acaana,Poison,everywhere,cold,mountains,absurd,Flower,Paste,600gp,0,,Nerve poison. Black paste that destroys nervous system. RR failure by 01-15 results in a destroyed nervous system and incapacitated victim. RR failure by 16-30 sends victim into a coma. RR failure by 31+ results in instant death.,10
Adder Venom,Poison,---,---,---,extreme,Venom,Paste,80sp,0,,Muscle poison. RR failure with 1-25 results in a pseudoparalysis causing -2 per 1 failure for 5-10 rounds. Failure with 26-50 results in similar paralysis for 11-20 rounds. RR failure by 51+ equals death due to heart failure in 6 rounds.,10
Agaath,Physical Alteration/Enhancement,---,---,---,easy,Berry,Ingest,10sp,0,Drawback confers a lung disease breaking out within 1-4 days of  ingesting the Agaath. User is at -25 until a RR is made (minimum two full days).,Enable user to act normal without having to breath. Protects against inhalable poisonous gases and provide the ability to be under water for 5 minutes. ,10
Ajkara,General Purpose,---,---,---,medium,Incense,Smoke,30sp,0,,Truth serum. RR failure by 1-25 put victim at -10 for 1-10 hours. Victim behave slow and drugged. RR failure by 26-50 results in -20 and victim being easy to interrogate (+50 to any Lie Perception rolls). RR failure by 51+ results in target being unable to lie.,6
Akbutege,General Purpose,southwestern Endor,semi-arid,ocean/saltwater shore,very hard,Leaf,Ingest,25gp,1,,Heals d10 hits.,1
Alambas,Burn/Exposure Relief,southwestern Endor,warm,short grass,light,Grass,Apply,10gp,0,,Heals 4 square feet of any burns. Relieving any hit points and penalties from that injury. As a rule of thumb one dose of Alambas is enough to heal the injuries from one heat critical.,6
Aldaka,Organ Repair/Preservation,everywhere,cold,mountains,hard,Root,Brew,100gp,0,,It repairs damage to eyes burned by extreme light or heat. The patient has  to keep his eyes coverd for a week and to drink a dose each day. It has noeffect on an eye that is punctured.,0
Aloe,Burn/Exposure Relief,south Endor,cold,scrubland,medium,Leaf,Apply,5bp,0,Taken internally; aloe causes cramps and nausea.,Double healing rate for minor burns. Immediately heals 5 hit points from burns. For medium or major burns five or ten times the dosage is needed for the same healing effect.,1
Alshana,Physical Alteration/Enhancement,---,---,---,easy,Bread,Ingest,12sp,0,,Dwarven bread provided to the guests of dwarven underground cities to aid them in the dark caverns. Provide nightvision 300' (i.e user still need a torch or lantern to see) for 1 hour. Keeps 6-8 weeks. Seldom sold on the open market.,4
Alshanak,Enchanted Breads,---,cool temperate,tall grass,easy,Bread,Ingest,35gp,5,,4 oz. slice is one dose. Heat sensitive vision (infravision up to 50') for 1 hour. Loaf keeps 1-2 months.,1
Ancalthur,Poison,everywhere,cool temperate,freshwater coast and banks,very hard,Flower,Liquid,45gp,0,,Circulatory poison. RR failure by 1-15 incapacitates victim for 1-5 hours (-100). RR failure by 16-30 results in incapacitation for 6-10 hours. RR failure by 31+ results in death due to oxygen starvation.,2
Angurth,Poison,---,---,---,routine,Bacteria,Paste,23sp,0,Some armies deliberately defile their weapons to cause epidemic diseases amongst enemies.,Bubonic disease. Cause fever and nausea for 2-10 days. RR failure by 01-15 leaves victim at -15. RR failure by 16-30 put victim at -25. RR failure by 31+ results in -50 and a slow painful death over 1-6 days.,2
Ankii,General Purpose,---,---,---,extreme,Berry,Ingest,17sp,0,Drawback lowers CON-stat (temp) by 1. Overuse is dangerous.,Equals 8 hours of good sleep. Dangerous to use for prolonged periods. If used twice per week = 5 points of CON loss thrice = lose 15 pts four times = lose 30 pts. Four times = RR or coma.,11
Anserke,Circulatory Relief,---,---,---,very hard,Root,Apply,6sp,0,,Stops bleeding on the wound applied to. Bleedings of 1-3 hits/rnd close in 1 rnd 4-6 hits/rnd close in 2 rnds and 7+ hits/rnd close in 3 rnds. Require 1 hour immobility or bleeding resumes.,10
Arduvaar,Antidotes,---,---,---,absurd,Plant,Brew,120sp,0,,Universal antidote. Reverse the effect of any known poison (unless target is dead). Magical herb requires preparation of skilled alchemist. ,20
Arfandas,Bone Repair,northern Endor,cold,freshwater coast and banks,very hard,Stem,Paste,2sp,1,,Doubles rate of healing for fractures.,5
Argsbargie,Antidotes,---,---,---,hard,Flower,Ingest,3sp,0,,Antidote for muscle poisons. Does not reverse any effects but effectively stop any further damage.,6
Arkasu,Muscle/Cartilage/Tendon Repair,---,mild temperate,tall grass,medium,Sap,Apply,3cp,0,,Heals 2-12 hit points. Doubles rate of healing for major wounds if used once per day during the healing process.,1
Arlan,Concussion Relief,everywhere,cold,mountains,easy,Leaf,Apply,13sp,0,,Grown and prepared by healer it heals 4-9 hit points. Wild it will heal 1-6 hit points. The price is for the garden grown species.,4
Arlan,General Purpose,everywhere,cold,mountains,easy,Root,Ingest,6sp,0,,Decongestant. +20 RR vs common cold. Speeds recovery rate from respiratory ills by 5x. One dose per day.,1
Arlans Slipper,General Purpose,everywhere,cool temperate,mountains,extreme,Root,inhale,1bp,0,,"When extracted and dried, the root is a handy remedy for colds. (The dried root must be boiled and the vapor inhaled) It also speeds recovery from respiratory diseases (5x normal rate) and enhaces resistance to the common cold (+20 RR)",0
Arnuminas,Muscle/Cartilage/Tendon Repair,northern Endor,mild temperate,short grass,easy,Leaf,Apply,2cp,0,Drawback means healing has been faulty and user will have a permanent detriment of sorts.,Doubles rate of healing for sprains torn ligaments and cartilage damage. 1 dose per day needed for effect.,1
Arpsusar,Muscle/Cartilage/Tendon Repair,everywhere,cool temperate,freshwater coast and banks,hard,Stalk,Brew,30gp,15,,Mends muscle damage. Takes 1 hour to be effective,6
Arunya,General Purpose,everywhere,warm,hillsides,hard,Root,Brew,2bp,15,Drawback causes addiction. First use has regular drawback factor. Second day use  increases drawback by 15. If user take more than one dose per 8 hour period it will act as a Mild conversion poison. ,Causes deep sleep (unconsciousness) for 1-4 hours. Every hour slept equals 4 hours of normal rest. User runs the risk of addiction if used for 2 or more consecutive days. ,3
Arroweed,General Purpose,everywhere,mild temperate,short grass,medium,Seed,Ingest,1gp,0,,Restores 1-3 hits immediately if is eaten.,0
Asp Glands,Organ Repair/Preservation,everywhere,warm,grasslands,light,Pea,Ingest,50gp,0,,Asp poison is deadly when injected into the bloodstream. When ingested it has a different effect being a powerful organ  restorer. ,0
Asgurash,Poison,---,---,---,extreme,Snake,Paste,28sp,0,Also come in paste form to coat edged weapons but usually priced at 20\\% higher cost.,Nerve poison. Brownish snake venom. RR failure causes a gradual paralysis of the inflicted area over 6-10 rnds lasting for 5 minutes/10 failure. Paralysed area is useless. If head or chest is poisoned the upper body is paralysed and target is incapacitated for the duration.,3
Asp Venom,Poison,everywhere,warm,tall grass,light,Snake,Paste,23gp,0,,Nerve poison. Clear fluid made into a paste. Struck limb is numb and useless for 1 day/10 failure. RR failure by 51+ means either loss of affected limb (i.e amputation is necessary) or death within 11-20 hours.,5
Athanar,Poison,---,---,---,medium,Snake,Liquid,15sp,0,,Reduction poison. Reduces CO-stat (temp) by 50 over the course of 6-10 hours. If CO-stat falls beneath zero victim dies.,3
Athelas,General Purpose,northwestern Endor,cool temperate,coniferous forest,hard,Leaf,Brew,5bp,0,Does not bring back the dead.,Cures anything on the living. May substitute any healing herb or antidote up to half of healers level (full level if healer is a true king). I.e in the hands of a 12th level healer Athelas may have the effect of a Yavethalion or an Arpsusar (6th level herbs).,10
Atigax,Physical Alteration/Enhancement,everywhere,cold,scrubland,medium,Root,Brew,40gp,0,,Prevents blindness due to sudden or blinding light. Lasts 9 hours. User is immune to Sudden Light.,8
Attanar,General Purpose,---,---,---,medium,Moss,Apply,6sp,0,,Cures fever in 24 hours.,4
Avhail,Nutrition/Refreshment,Eriador,mild temperate,short grass,easy,Fruit,Ingest,3bp,0,,Avhail fruits may be eaten as a food source or a desert treat when baked into pastries. They are also fermented into a potent brandy called biotaille.,0
Awn,General Purpose,---,---,---,absurd,Bark,Brew,750sp,0,Drawback causes enormous and lasting pains from the joined limb equaling a permanent -10 penalty to all activity including use of limb.,Joins limbs. Require complete immobility.,20
Balak,Bone Repair,south Endor,warm,ocean/saltwater shore,hard,Reed,Brew,45gp,0,Anyone ingesting the Balak tea typically becomes constipated for 1 week.,Shatter repairs. Magical herb mends shattered bones without need of surgery. The herb will only heal one shattered bone so if there are many in the users body it will target the gravest injury (usually the one that provide most penalty).,16
Baldfoot,Concussion Relief,Eriador,mild temperate,decidous/mixed forest,hard,Berries,Ingest,2gp,0,If more than one berry is eathen it only cures 1d10 hits and strikes the consumer with severe vertigo for 1-4 hours during which time he is unable to engage in any activity and must be carried due to loss of balance. After 2 hours another dose of this plant's fruit (1 berry) may be consumed without any side effects.,Ingestion of a Baldfoot berry instantly restores 1d10 hits. The berries keep upt for 2 weeks before loosing their potency.,0
Branaie,General Purpose,Eriador,mild temperate,grasslands,easy,Leaf,Brew,3sp,0,If taken from a meadow fertilized by heards of domesticated animals the plant mus be well washed before being used or there is a 50\\% chance for actually doubling the amount of nausea or vormiting.,A tea brewed from Branaie leaves lessens the intensity of nausea and vormiting by 75\\%.,0
Bearded Fang,Nutrition/Refreshment,everywhere,mild temperate,underground,hard,Mushroom,Ingest,6gp,0,,Bearded Fang is delicious nurticous and eagerly sought after by mushroom lovers. The beard ist tasteless but often allowed to remain as a way of verifying its pedigree to customers,0
Baldakur,Muscle/Cartilage/Tendon Repair,---,---,---,folly,Root,Brew,90sp,0,,Restores sight. Can repair one eye-damage as long as the eye is not completely destroyed.,13
Baranie,Antidotes,---,---,---,easy,Leaves,Brew,5bp,0,,Reduces nausea. Cures stomach disease and reduces the effects of certain poisons. Lower the effects of conversion poisons by 1 degree of severity.,2
Belan,Circulatory Relief,Eriador,hot and humid,ocean/saltwater shore,hard,Nut,Ingest,40gp,0,The nuts keep up for 3 month before their meat turns rancid.,Stops all bleeding wounds in one body. Take 1-10 rounds to take effect. Patient cannot be moved for 1 hour or bleeding will resume at half rate.,8
Belramba,Muscle/Cartilage/Tendon Repair,---,---,---,very hard,Lichen,Brew,42sp,0,,Nerve repair. Will heal all damaged nerves in one body.,11
Bergamot,Stun Relief,---,---,---,very hard,Flower,Brew,15sp,0,If drawback occurs user will suffer insomnia during the night after he used Bergamot. The lack of sleep puts user at a -20 penalty the day after.,User ignores all stun from critical injuries no matter how grave during the duration. Stun no parry results are converted to merely stun.,16
Berterin,Organ Repair/Preservation,everywhere,mild temperate,decidous/mixed forest,light,Moss,Brew,19gp,20,,Preservation of organic material (up to body size) for 1 day.,3
Bitterlove,Drug,everywhere,mild temperate,grasslands,light,Plant,Inhale,9sp,0,Bitterlove makes a wounderful place to bed down for the night - being soft and cushiony.,if fresh leaves boiled in water and the steam inhaled the subject enjoys sensory enhancement. Men and Elves are enabled to see as well as Dwarves in darkness. The effect lasts a full day.,0
Bitterwood,General Purpose,everywhere,hot and humid,jungle/rain forest,very hard,Root,Ingest,15gp,0,Consuming smoked root makes one very thirsty.,"The white root may be eaten (raw or cooked) but its crunchy texture only lends itself well to salads. If smoked its nutiens become usefull. As the root matures over the fire it takes a rich smoky taste (not unlike that of ham) and a softer meatier texture. It cures any and all organ damage.
A raw root keeps for severaly month if kept in a cool dark place. A smoked one only lasts a few weeks.",0
Black Cackler,Drug,Eriador,mild temperate,underground,hard,Mushroom,Ingest,2gp,0,There is no known antidote for the effects of this fungi. They are not cumulative regardless of the amount consumed.,If eaten the bitter tasteing flesh produces uncontrollable laughter and foolish behaviour for 4-7 hours.,0
Black Vines,Physical Alteration/Enhancement,Rhudaur,mild temperate,decidous/mixed forest,absurd,Leaf,Liquid,7sp,0,Not very useful as a poison since it require target to drink large amounts.,Intoxicant. Euphoria and inactivity for 2-20 hours. It confers no pain but othervise acts as a respiratory poison. May be used as a medical anaestethic since it lowers the targets consciousness and receptibility to pain. ,7
Blade Hemlock,Poison,---,---,---,very hard,Plant,Paste,42sp,0,,Muscle poison. Incapacitation (-100) for 5 minutes per 10 failure starting in 3 rounds. Failure by 26+ results in unconsciousness. Failure by 51+ results in instant unconciousness and death within 1-10 hours.,6
Blue Eyes,Physical Alteration/Enhancement,---,---,---,extreme,Flower,Brew,14sp,0,,x3 vision (+25 visual perception) and 50' infravision for 3 hours. Usable once per day.,15
Blue Pine,Nutrition/Refreshment,western Endor,mild temperate,coniferous forest,easy,Seed,Ingest,1cp,0,,Blue Pine seeds are used as food source by the Hillmen of Rhudaur. They are acidic in taste - though this may be cured by slow and careful roasting. The seeds are nutricious (5 make up the equivalent of 1 meal) and kept well (for years) once dired.,0
Bluedrake,Burn/Exposure Relief,everywhere,cool temperate,marshes/swamp,extreme,Flower,Apply,50gp,0,,If poured onto any burn (no matter how severe) the nectar numbs the area - healing the burn if left undisturbed for the next 6 hours.  The flower's nectar takes 1 week to replenish itself and may be sored while retaining its powers for up to 9 month.,0
Bodezlist,Nutrition/Refreshment,Far Harad,arid,desert,light,Plant,Ingest,12gp,0,Its leaves are sharp: anyone brushing up against then suffers a cut (1-6 unmodified dagger attacks). If someoe runs into a Bodezlist bush the damage is more severe (1-10 +20 attacks),Within the center of the plant is a sweet succulent mass that provides water equal to a day's ration. Removing the spines is not hard (medium foraging roll),0
Boglock,Poison,everywhere,mild temperate,marshes/swamp,extreme,Plant,Paste,500gp,0,,If the poison reaches the bloodstream it triggers muscle spasms auf such magnitude that the victim's heart is affected: killing him in 1-10 rounds,25
Boneset,Muscle/Cartilage/Tendon Repair,White Mountains,cold,mountains,medium,Root,Ingest,14gp,0,Drawback mean that bones set incorrect and may confer a permanent disability.,Triple healing rate for fractures. Affects all fractures in a body. All fractures must be set before ingestion of the herbs.,6
Boskone,Physical Alteration/Enhancement,everywhere,mild temperate,decidous/mixed forest,folly,Powder,Inhale,80gp,5,Drawback confers a severe headache that puts user at -10 for 1-8 hours.,Effect equals a Nature's Awareness spell lasting for 11-20 rounds. Require concentration.,17
Boxdeath,Physical Alteration/Enhancement,everywhere,arid,desert,folly,Flower,Ingest,600gp,0,,"If the flower is ingested by someone with grievious injuries – actually, any injury is enoigh, but usually ony catastrophically serious ones merit the risk associated with boxdeath – it sends him into a coma for 3 days, during which time no other healing magic or herbs have effect. At the end of that time the person has a 50/50 chance of waking up, completely healed or dying without any chance (short of by Athelas in the hands of a king) or negating power.",0
Bragolith,Poison,---,---,---,folly,Juice,Ingest,90sp,0,,Conversion poison. Phosphorescent green firefly juice. RR failure by 01-25 incapacitates (-100) victim until healed of the internal burns. Failure by 26+ causes victim to spontaneously combust taking 20 hit points per round until dead.,5
Bramblerose,Concussion Relief,everywhere,mild temperate,freshwater coast and banks,medium,Fruit,Ingest,4gp,0,,Eating the bamblerose fruit restores 4-10 concussion hits. Eating mor just fills the stomach.,0
Breldiar,Physical Alteration/Enhancement,everywhere,warm,volcanic areas,medium,Flower,Ingest,25gp,0,,Euphoric. Subtracts 30 from moving maneuvers and melee. Add +50 to missile attacks and directed spells. Lasts for 1 hour.,12
Bright Blue Eyes,Physical Alteration/Enhancement,Rhovanion,mild temperate,grasslands,light,Flower,Brew,15gp,0,,"If 25 bright blue eyes are gathered under a full moon and brewed into a tea, the imbiber experiences enhanced vision – as sharp as the most observant Hobbit or far-sightes Elf – for  a period of 3 hours. If taken more than once during the given day, the tea has no further effect. Neither the tea nor the flowers may be stored without loss of potency.",0
Brithagurth,Poison,---,---,---,folly,Roots,Paste,18sp,0,The -25 penalty from useless appandages are not cumulative with any penalties from the 11.2.3 Poison Severity Chart.,Conversion poison. Venom causes hardening of tendons in 1-4 appendages. Areas affected become useless for 10 minutes/10 failure. Victim is at -25 per useless appendage. ,2
Brorkwilb,General Purpose,---,---,---,light,Flower,Ingest,18sp,15,Drawback results in either (01-33) that herb has no effect or (34-66) that the shared dreams is with an entirely random target or (67-100) that the user gets a vision of something else important or unimportant.,Allows shared dreams with a family member within 100 miles/level. Lasts for 8 hours during which person is asleep and may communicate (full duplex) with his family member. ,5
Bukandas Bulch,Poison,---,---,---,extreme,Wolves,Juice,12sp,0,,Respiratory poison. Gland juice induces asthma attack. Victim that fails RR by 01-25 is at -15 to all physical actions for 11-20 rnds. Victims that fail RR by 26+ is at -25 to all physical actions for 21-30 rnds. Movement is cut by 50\\% for the duration.,3
Bursthelas,Bone Repair,middle Endor,cool temperate,short grass,folly,Stalk,Brew,90sp,0,,Shatter repairs. Magical herb mends shattered bones without need of surgery. The herb will only heal one shattered bone so if there are many in the users body it will target the gravest injury (usually the one that provide most penalty).,14
Butterfood,Organ Repair/Preservation,everywhere,mild temperate,short grass,hard,Flower,Paste,25gp,0,,"If ground up, mixed with a small amount of water and dripped into the eye of someone blind because of an injury, daily administrations of butterfoot over the course of 1 week restore sight.",0
Buttonhead,Physical Alteration/Enhancement,everywhere,cool temperate,underground,medium,Fungus,Ingest,10gp,0,,Dispels weariness in the consumer making him feel totally refreshed for 12 hours.,10
Caj,Physical Alteration/Enhancement,Far Harad,hot and humid,desert,hard,scrub,Brew,10gp,0,"Caj tea is said to be the best tasting in all of Middle-Earth. It also has a beneficial effect of Essence spellcasters, allowing them to recoup their normal Pps in ½ ther usual recovery period. Preparation for this effect takes 2 days of attunement to archive.","Those wishing to die sometimes seek out this plant because of the cumulative effects of brewing tea from the nodule resin, setting them on what the Bozishnarod call the Long Path. The tea causes its imbiber to starve to death, but without anguish or suffering.",0
Camadarch,Poison,eastern Eriador,cool temperate,underground,hard,Mushroom,Liquid,33gp,0,"Camadarch is a liquid poison prepared from a mushrom found in the caves of the fells of eastern Eriador and the underdeeps. It turns a victim‘s skin blue over the course of a day. After 24 hours, each external feature of the body must make a RR or rot off in 1-10 hours. If mixed with alcohol, it becomes a acidic contact poison that causes burns: 1-2 E heat crits on the 1st round, 1-2 C crits on the 3rd round, and 1-2 A crits on the 5th",,5
Camomile,Pain Reduction,---,---,---,medium,Flower,Brew,3cp,25,,x3 healing rate when recovering from penalties. Patient is likely (85\\% chance) to fall asleep for 2-6 hours. Usage = 3 doses per day for full effect. If AF roll is under 26 patient will get sick and be at -15 for 1-4 days.,1
Caranan,Concussion Relief,---,---,---,medium,Leaves,Ingest,3tp,0,,Heals 2-4 hits. Relieves swelling.,4
Carcalen,Poison,---,---,---,folly,Moss,Brew,36sp,0,,Nerve poison. RR failure by 01-25 results in a random limb being unusable for 1-100 days. RR Failure by 26-50 results in nerve damage: victim is out until nerves are healed. Failure by 51+ equals death in 20 rounds.,4
Carcatu,Life Preservation,---,---,---,extreme,Grass,Apply,9sp,0,,Soulkeeping for 1 day. Must be administered within the span of soul departure.,13
Carefree Mustard,General Purpose,Rhovanion,mild temperate,freshwater coast and banks,hard,Leaves,Brew,10sp,0,,Heals all concussion hits in 1 hour. I.e after 20 minutes of drinking the brew the imbiber has been relieved of 1/3 of his taken hits.,6
Cargalen,Poison,Arnor,cool temperate,underground,hard,Moss,Liquid,45gp,0,"Cagalen‘s moist surface harbors are deadly nerve poison often used by assasins. Victims must save against a 4th level nerve poison; victims failing an RR by 01-50 loose feeling in and use of 1-2 extremities (hands and feet) for 1-100 days; with a failure of 51-100, the nerves in the extremity are reduced to useles pulp; failure 100+ results in death, as the victims nerves simpydissolve into a hot, pink liquid. Fortunately, the poison is easily broken by any of those herbs capable of repairing nerve damage.",,4
Carlong,Bone Repair,everywhere,mild temperate,short grass,extreme,Stalk,Brew,110gp,0,,"If the stalk is chopped and boiled for several hours, the thick soup that results can repair shattered bones and joints if ingested. The broken limb(s) must be placed in a proper position or they heal improperly. In addition, they must not be moved during 12 hours it takes for the heraling to be completed..",0
Caradhrain,Physical Alteration/Enhancement,everywhere,warm,tropical grasslands,hard,Root,Brew,65gp,0,"Unlike most other grasses, Caradhrain posses a lage tuber. The uses for this root are twofoled, and neither is anny good without the other. First it must be ground up and placed in boiling water (which is inbibed). Ath the same time, a second raradhrain root is place in the fire and allowed to blacken. It should then be  rubbed onto whatever body part the user wants to protect. Each root yields enoug oil for ½ of a human body. If both steps are undertaken by the same person, they find themselves totally protected from heat and flame for 1-0 hours, provided they do not whash or eat anything else (either being enough to negate the effect). 
During this time , the subject may pass through normal fire without injury and handle red-hot metel up for 1 minute before experiencing  enough discomfort to put it down. The fire of a forge is hot enoigh to make him very uncomfortable; thet of a volcano or a dragon will kill him. He may be able to stand up to a Balrog, but not make contact, as the fire is of magical origin.",,0
Carnegurth,Poison,---,---,---,medium,Flower,Liquid,5sp,0,,Circulatory poison. RR failure by 51+ equals massive internal blood clotting and death in 1-100 hours. If RR fails by less check the results in table 11.2.3 Poison Descriptions Effect Descriptions.,1
Carnerem,Antidotes,---,---,---,hard,Leaf,Apply,8sp,0,,Delays any poison for 24 hours.,10
Carneyar,Concussion Relief,---,---,---,absurd,Flower,Brew,250sp,5,If drawback occurs user is sluggish and slow (acts at -10) for 11-20 minutes after taking the herb.,Instantly heals all hits and stops all bleeding.,20
Carpet Moss,Bone Repair,Moria,cool temperate,underground,easy,Fungus,Apply,4sp,0,,Double the rate for healing fractures and aids in bone setting.,6
Cashdir,Antidotes,Greater Harad,hot ,desert,hard,Flower,Ingest,54gp,0,,Antidote for muscle poison. Does not reverse any effects already taken but stops any further damage.,12
Cathaana,Poison,---,---,---,very hard,Nut,Ingest,21sp,0,If second RR is successful there is no harm to victim.,"Nerve poison. ""Sly viper"" white powder that causes euphoria for 1-10 rounds thereafter victim acts normally for 1-10 minutes after which he has to roll another RR. If that fails by 26+ he dies instantly.",1
Chap Beech Nut,Nutrition/Refreshment,Mirkwood,mild temperate,decidous/mixed forest,medium,Nut,Ingest,4sp,0,,1 days nutrition.,10
Chekyuv,Circulatory Relief,eastern Eriador,warm,freshwater coast and banks,easy,Lichen,Paste,1sp,0,,"If scraped off with a knife and spread immedeatley on a scratch or cut, it induces a slight feeling of  lethargy that last for 1 hour; the scracch fades and disapeares within 24 hours. The lichen has a slight effect on the healing of blood vessels and is used to sedate and stimulate the natural recovery process.",
Chebkuile,Life Preservation,---,---,---,absurd,Moss,Ingest,90sp,0,,Lifekeeping for 6-10 days unless heart is destroyed. Heart will continue to beat as victim enters a coma-like state. 75\\% chance of amnesia. Victim risks to forget a period of 1-12 months before he recieved the herb.,20
Chrume,Physical Alteration/Enhancement,---,---,---,medium,Mushroom,Ingest,15sp,0,Drawback indicate an addiction to the herb. See addiction rules in Gamemaster Law p. 90.,Imbiber has +20 to CO & PR for 1-10 hours. -10 to AG & QU for the same time period. Euphoric and addictive.,8
Cicino,General Purpose,Fangorn Forest,mild temperate,decidous/mixed forest,light,Leaf,Brew,7gp,0,,1 dose provide +40 RR vs disease for 3 days and will provide a second RR for anyone already incubated.,10
Corfura,Pain Reduction,---,---,---,extreme,Root,Brew,30sp,10,,Powerful anaesthetic. The Corfura halves any penalties by effectively reducing the body's sensivity to pain. The effect is instant and last for 3 hours. Using more than 1 dose per 8 hour period is dangerous and user must make an RR. RR failure by 1-25 causes drowsiness (-25) for 3 hours while RR failures above 26 causes 3 hours of unconsciousness. AF failure causes the user to become sluggish and slow operating at -10 (subtracted from all actions but the herb still halves any penalties from wounds).,14
Craeg-Curfluin,Poison,---,---,---,absurd,Plant,Liquid,210sp,0,,Conversion poison. Magical poison extracted from Gargoyle blood. Very rare. RR failure by 1-15 causes unconsciousness for 1-10 rounds. RR failure by 16-30 confer a permanent coma and RR failure by 31+ turns victim to stone (also quite permanent).,7
Cram,Nutrition/Refreshment,Dwarven settlements,---,---,easy,Bread,Ingest,13bp,0,,Dwarven waybread. A 4 oz slice provide 1 days nutrition. A 10-slice loaf costs 13 sp. Keeps 7 weeks if stored dry. Tastes of mushrooms.,1
Culan,Antidotes,---,---,---,medium,Leaf,Brew,12sp,0,,Anti spasmodic. Reduce the effects of any poison. Every dose of Culan lowers the result by 1 degree of severity; i.e extreme become severe severe become moderate etc. Mild effects are cured immediately. Culan take 3 rounds to take effect.,6
Culkas,Burn/Exposure Relief,---,arid,desert,medium,Leaf,Apply,35gp,0,,Heals 10 square feet of burns (any). 1 dose heals the effects of any type of burns (one critical). This herb completely negate any hit points and penalties taken from burns. Full healing take 1 hour but the wound is tender for a few more days. ,10
Curfalka,Muscle/Cartilage/Tendon Repair,---,---,---,extreme,Fruit,Ingest,45sp,0,,Fresh fruits if eaten will heal all muscle damage in 3-30 minutes but the herb is only fresh for 3 days. If made into a paste and preserved it heals a muscle damage in 8 hours when applied.,10
Curfalka,Muscle/Cartilage/Tendon Repair,---,---,---,extreme,Fruit,Paste,8sp,0,,Fresh fruits if eaten will heal all muscle damage in 3-30 minutes but the herb is only fresh for 3 days. If made into a paste and preserved it heals a muscle damage in 8 hours when applied.,10
Cusamar,Concussion Relief,---,cold,heath/scrub/moor,extreme,Flower,Ingest,30gp,3,,Heals 15-60 (10 + 5d10).,10
Cyclic Fever,Poison,---,---,---,medium,Ticks,Paste,3sp,0,,Reduction poison. Paste made from ticks. Causes 3-4 cycles of fever spread over 5-10 days. During fever periods (lasting 6-10 hours) victim is at -10 per 10 RR failure.,5
Dagmather,Muscle/Cartilage/Tendon Repair,---,---,---,hard,Spine,Brew,14sp,0,,Heals all cartilage damage in one damaged body. Healing take 8 hours of rest for full effect. If target continue to work or travel during the healing it take 12 hours for full effect.,5
Darsurion,Concussion Relief,---,---,---,light,Leaf,Apply,3cp,0,,Heals 1-6 hit points. ,3
Daxamas,Poison,---,---,---,folly,Leaves,Ingest,42sp,0,,"Muscle poison. Also named ""Sly Leaf"". The initial effects are often mild (or not even noticed) but this poisonous leaf causes a heart disease. If RR fails by 26+ the target will die in 1-100 days without warning.",3
Deadly Milkwhite Trumpet,Poison,---,---,---,folly,Flower,Contact/Inhalation ,30sp,0,,Respiratory poison. Causes nausea and headache (-15) for 1-10 hours on a RR failure of 1-25. On a higher failure follow the results in 11.2.3 Poison descriptions.,4
Deadly Milkwhite Trumpet,Poison,---,---,---,folly,Seed,Ingest,90sp,0,,Respiratory poison. On a RR failure by 26+ coma for 1-10 days. A severe RR failure by 51+ equals death in 1-10 days.,10
Degiik,Life Preservation,---,---,---,hard,Leaf,Ingest,150sp,0,,Stabilizes a victim with mortal wounds and keep him alive (heart beating) for 24 hours unless heart is detroyed. All healing herbs have full effect while under the influence of a Degiik.,10
Delrean,General Purpose,---,---,---,easy,Bark,Apply,1bp,0,,Repels any insect. Smells foul within a 50 feet radius.,3
Din fuinen,Poison,---,---,---,hard,Moss oil,Ingest,48sp,0,,Grows at the banks of G�lduin in Mirkwood. Target failing by 1-25 will suffer total amnesia for 1 hour per 1 failure (i.e will forget anything that happened during the hours affected by the herb). Targets failing RR by 26+ will fall asleep for 2-20 hours and suffer amnesia for 2 hours per 1 failure.,8
Dolimor,Poison,---,---,---,very hard,Fungus,Ingest,62sp,0,,Respiratory poison. RR failure by 21+ causes lungs to fail. Victim is immobilized within 1-10 minutes and dies in 1-3 hours if no antidote is applied.,6
Draaf,Concussion Relief,---,---,---,easy,Leaf,Ingest,8bp,0,,Heals 1-10 for each of 2 consecutive rounds (i.e 2-20 hits total). ,4
Dragul,Combat Enhancement,---,---,---,very hard,Root,Brew,11sp,15,If drawback occurs user will be at -30 after the initial positive effects. Drawback fades over the course of 2-20 hours.,Brew provide +10 to Combat maneuvers (including OB) Perceptions & Athletics for 1 hour.,10
Dugmuthur,Concussion Relief,---,---,---,light,Berry,Ingest,1sp,0,,Heals 10 hit points instantly.,1
Dynallca,Poison,---,hot and humid,freshwater coast and banks,light,Leaf,Paste,14gp,3,,Tan paste destroys hearing and gives 1-10 hits.,3
Ebur,Muscle/Cartilage/Tendon Repair,---,mild temperate,ocean/saltwater shore,medium,Flower,Ingest,22gp,18,,Repairs sprains. All sprains even if ligament is completely torn will heal over a time period of 8 hours. Smaller sprains causing a penalty of less than or equal to -15 will heal in 1 hour.,4
Ecsasse,Physical Alteration/Enhancement,---,---,---,very hard,Clove,Brew,16sp,0,,Imbiber is immune to mind attacks and mind disease for the duration (1-10 hours).,12
Eddij,Life Preservation,---,---,---,folly,Berry,Juice,300sp,0,,Magical herb. Preserves life (i.e heart will continue to beat unless totally destroyed and target will enter a coma-like state) of a person threatened with imminent death. Duration varies with the level of the person that applies the herb 1 day per level.,19
Edram,Muscle/Cartilage/Tendon Repair,---,---,---,folly,Moss,Apply,18sp,0,,Mends a broken bone when applied. The injured bone must be set before ingestion of the herb. ,12
Elbens Basket,Combat Enhancement,---,---,---,extreme,Root,Brew,3sp,5,If drawback occurs user will be at 50\\% activity after his round of double speed.,Heart stimulant. User may act at double speed (200\\% action) for one round. He may select this round freely within the span of 1 hour. Effect can only be used once per dose taken and no more than 3 doses can be taken simultaneously.,12
Eldaana,Antidotes,---,---,---,medium,Leaf,Brew,25sp,0,,Antidote for reduction poisons. Will reverse any effects of a reduction poison over the course of 1 hour. Also reverses the effects of �Ugliness of Orn� curse.,9
Eledena,Combat Enhancement,---,---,---,extreme,Bud,Ingest,9sp,5,If drawback occurs sideeffects of varying degree may take place: (1-50) user is speeded but after the 5 rounds of double speed has passed user will be at 50\\% for 5 rounds (51-70) no effect at all (71-90) no speed but instant unconsciousness for 1-10 hours (91-95) immediate heart failure results in organ damage; -50 for 6 days or (96-100) immediate death by heart attack.,"User is hasted (200\\% action) for 5 continous rounds. The ""hasted"" rounds must start within 5 minutes of taking the herb othervise it is forfeit.",16
Elendils Basket,Antidotes,---,---,---,light,Root,Brew,2sp,0,,Purifies foul tainted water and slows the effects of poisons by x10.,4
Etarka,Poison,---,---,---,medium,Fish,Liquid,16sp,0,When penalty reaches -100 (i.e in 10 days from poisoning) victim is incapacitated and waiting for death.,Conversion poison. Heart is embedded in sick tissue and fat. Foe is at a cumulative -10 per day that passes since his poisoning. Death in 10-100 days unless antidote is applied.,2
Faghiu,General Purpose,---,---,---,very hard,Flower,Brew,100sp,10,Drawback will cause equally strong emotions but of other types: i.e hate anxiety fear sorrow etc in target.,Love potion made from the magical Vanimelda flower. If imbibed the target will be faithful and loving versus the one who administers the potion or has worn it close to his heart for a prolonged period of time. The effect will last for 1-100 days (1 day per 1 failure up to 100). For more rules on Love Potions see the Hands of the Healer p.147.,12
Falsereg,Poison,---,---,---,extreme,Blood,Paste,8sp,0,,Nerve poison. Prepared from fish blood. RR failure by 01-25 results in concentration disorders loss of memory and anxiety causing a -1 per 1 failure penalty to all actions. Failure by 26+ also results in immediate internal bleeding (3 hits/rnd for 6-60 rounds).,1
Febfendu ,Muscle/Cartilage/Tendon Repair,---,---,---,medium,Root,Brew,42sp,10,Drawback indicate a permanent reduction of hearing ability even though hearing is restored.,Restores hearing regardless of how severe the damage to the ear is. Recovery time is between 8 hours and 1 week depending on the severity of the damage (GM discretion). ,8
Feduilas,Physical Alteration/Enhancement,---,---,---,hard,Flower,Smoke,11cp,15,Drawback indicate an addiction to the herb. See addiction rules in Gamemaster Law p. 90.,Intoxicant. Provide +20 to RR vs Mentalism and Essence but also -10 to Agility and Quickness stats for 1-5 hours.,6
Fek,Circulatory Relief,---,hot and humid,ocean/saltwater shore,very hard,Nut,Brew,50gp,5,Each week after the first provide a -10 penalty to the Herb Lore roll when using.,Stops all bleeding wounds in one body. Take 1-10 rounds to take effect. Patient cannot be moved for 1 hour or bleeding will resume at half rate. The nut will keep a long time but once brewed it will only have full effect for 1 week.,10
Felmather,General Purpose,---,---,---,hard,Leaf,Ingest,50sp,15,Drawback will cause the attention of other maybe hostile beasts of the area.,Mental summons of 1 friend (folk or beast) within 300' per level of user. This herb also serve as a powerful coma relief awakening the comatose victim within 1-10 minutes of ingestion. ,7
Fiis,Concussion Relief,---,---,---,easy,Resin,Apply,1cp,0,,Heals 1-6 hit points.,2
Flameroot,Concussion Relief,---,---,---,medium,Tuft,Ingest,8bp,0,,Doubles the healing rate of concussion hits. Halves the recovery time for other herbs.,8
Fleabane,General Purpose,---,---,---,extreme,Leaves,Apply,3bp,0,,Repels blood sucking insects. Comes in powder and juice form. The powder keeps for several months while the juice must be used with one week.,10
Flur-rort,Antidotes,---,---,---,very hard,Flower,Liquid,40sp,0,,Antidote for nerve poisons. Will reverse all effects. The reversal take 1-10 minutes depending severity. This antidote cannot bring back anyone that has died as a result of poison.,14
Fukavar,General Purpose,---,---,---,very hard,Flower,Smoke,22sp,20,Drawback awakens the interrest of someone else than desired. Perhaps a Faeri� or other being of the twilight world?,Allows mental summons of 1 friend within 20 miles. The summons take 20 rounds to perform and user may NOT communicate with the summoned friend by use of this herb. The summoned friend will know the distance and direction towards his friend for 24 hours.,10
Furry Oak Acorn,Nutrition/Refreshment,---,---,---,medium,Nut,Ingest,12bp,0,,1 nut provide 1 days nutrition. However one cannot live for more than 7 days on Furry Oak Acorns without suffering nutrition shortage.,6
Galenaana,Poison,---,---,---,very hard,Leaf,Powder,63sp,0,,Respiratory poison. Green powder which kill elves on RR failure of 51+. Other races suffer a coma for 1-100 weeks if RR fail by 51+. The effects is othervise as noted in Gamemaster Law p.94.,9
Galenas,Physical Alteration/Enhancement,---,---,---,medium,Leaf,Smoke,1bp,0,Drawback indicate an addiction to the herb. See addiction rules in Gamemaster Law p. 90.,Relaxing intoxicant. User feels happy but is slow and acts at -75 for 1-10 rounds. The euphoric feeling continue for 1-6 hours during which user is at a mere -10.,4
Gariig,Concussion Relief,---,---,---,light,Cactus,Ingest,5sp,0,,Instantly heal 30 hit points.,6
Gartaan,Poison,---,---,---,folly,Waters,Ingest,35sp,0,,Conversion poison. Causes hemophilia. Any bleeding will be doubled until cured of the disease.,15
Gefnul,Concussion Relief,---,---,---,hard,Lichen,Ingest,30sp,0,,Heals 100 hit points instantly.,12
Gildarion,Muscle/Cartilage/Tendon Repair,---,---,---,extreme,Leaf,Paste,110sp,5,Drawback indicate a lowered function of the healed organ such as persistent pain causing a permanent -5 penalty.,Major organ repair. Recovery time is 1-10 days depending on the severity of the wound. ,13
Golden Cress,Circulatory Relief,---,---,---,very hard,Fern,Apply,10sp,0,,Stops bleeding up to 5 hits/rnd. Take 1-5 rounds to permanently seal one wound. If used on a wound bleeding more than 5 hits/rnd the Golden Cress will halve the bleeding for as long as the target remains still.,9
Gorfang,Poison,---,---,---,folly,Moss,Liquid,31sp,0,,Nerve poison. Take immediate effect. RR failure by 1-50 results in random extremity being useless (-25 penalty) for 1 day per 10 failure. RR failure by 51+ results in dissolving of nerves. Victim is a vegetable until nerves are regenerated.,3
Gorfon,Muscle/Cartilage/Tendon Repair,---,---,---,hard,Fruit,Ingest,19sp,0,Drawback causes user to go into sleep lasting for 11-20 hours.,Heals one nerve damage.,6
Gort,Physical Alteration/Enhancement,---,---,---,hard,Leaf,Ingest,13cp,5,Drawback indicate an addiction to the herb. See addiction rules in Gamemaster Law p. 90.,Narcotic intoxicant. User has +10 to Presence and Appearance stat-bonus for 2 hours. After that user will be at -50 to all activities for 1-10 hours.,5
Gramursh,Stun Relief,---,---,---,medium,Moss,Powder,6sp,0,,Stun Relief. When mixed with water and drunk this herb allows imbiber to reduce all stun and stun no parry results from critical injuries by 1 round.,10
Grapeleaf,Nutrition/Refreshment,---,---,---,very hard,Nectar,Ingest,7sp,0,Drawback mean target involuntarily falls asleep unless a RR vs the herbs level is made.,1 days nutrition. If taken before going to sleep it also causes dreams for 2 hours. The dreams often come true. Target has +50 bonus to Divination for these 2 hours.,12
Grelnixar,Poison,---,---,---,absurd,Leaves,Apply,50sp,0,,"Magical poison. Confer ""running death"". If RR fails victim goes mad in 3 rounds often with the result that he starts to run until exhaustion points are up. Whenever exhaustion points return the running will continue. If not stopped victim could actually run/starve himself to death. If RR succeed the poison has no effect at all.",5
Greneldar,Poison,---,---,---,hard,Flower,Apply,66sp,0,,"Reduction poison. Touch causes rash and pains to the exposed skin and confer a -5 penalty per 10 failure (maximum -30) for 1-5 days. If Greneldar is instead ingested victim will ""burn inside"": a -50 penalty for 1-10 days or on a RR failure of 26+ death due to organ damage.",3
Grodloth,Life Preservation,---,---,---,absurd,Flower,Ingest,375sp,0,,Preserves life and eliminates pain for those on the brink of death. Lasts for seven days.,22
Gulperwash,Muscle/Cartilage/Tendon Repair,---,---,---,extreme,Fungus,Apply,320sp,0,,If placed on targets forhead the Gulperwash almost immediately (1-6 rounds) alleviates any affliction including the healing of a damaged organ.,15
Gursamel,Bone Repair,---,cool temperate,short grass,extreme,Stalk,Apply,30gp,5,,Mends one broken bone. It take 6 hours of total rest (immobility) for full effect. If the victim is moved the herb will not take full effect (i.e some penalty will remain even when 6 hours has passed).,10
Gurth-nu-fuin,Poison,---,---,---,extreme,Virus,Anaerobic,41sp,0,,Disease. Causes severe nausea. Victim is at -75 for 1-100 hours. RR failure by 26+ causes death within 2-20 days unless a second RR is successful.,3
Gwin-win-Rynd,Poison,---,---,---,folly,Bat,Liquid,54sp,0,,Reduction poison. RR failure by 1-25 results in total (and permanent) paralysis of the entire body. RR failure by 26+ confers death.,2
Gylvir,Physical Alteration/Enhancement,---,---,---,very hard,Algae,Ingest,62sp,0,If drawback occurs user is not able to breathe air for the entire duration of the herb.,Enables imbiber to breathe under water for 4 hours. ,12
Harfy,Circulatory Relief,---,semi-arid,short grass,very hard,Resin,Apply,175gp,9,,Powerful herb that immediately and permanently closes one bleeding wound.,16
Harlindar,General Purpose,---,---,---,hard,Plant,Brew,24sp,0,Drawback need only be rolled for once during the entire treatment. If drawback occur child will be delivered safely but mother might die (10\\% risk depending on circumstances).,Assures safe childbirth. Harlindar tea shall be consumed one cup every morning the entire labor for full effect. The price noted covers a whole 9 months.,13
Harwite,Concussion Relief,---,---,---,extreme,Moss,Ingest,2sp,0,,Heals 1-50 hit points in one hour. Also mends small wounds (remove the penalty from one wound up to -10).,10
Heen,Poison,---,---,---,folly,Seeds,Ingest,18sp,0,,Circulatory poison. Instantly causes 5-50 hit points followed in 6 rounds by severe ulceration. Victim is at -10 per 10 failure (up to a maximum of -50) for 24 hours.,6
Hegheg,Muscle/Cartilage/Tendon Repair,---,---,---,folly,Root,Paste,14sp,0,,Heals one damaged cartilage in 8 hours.,11
Henuial,Poison,---,---,---,folly,Liquid,Inject,52sp,0,,Conversion poison. Yellow venom injected in blood stream. Victim starts to bleed from the eyes. If RR fails by 1-25 one eye is injured. RR failure by 26+ indicate both eyes damaged and foe permanently blind.,6
Hesguratu,Enchanted Breads,---,cold,mountains,light,Bread,Ingest,45gp,10,"If drawback occurs user take an ""A"" Stress Critical simultaneously with the effect (only first round). Dwarves are immune to this drawback.",4 oz slice is one dose. Once eaten a person might increase his strength for one minute (6 rnds) within the next 24 hours. The strength gain provide +10 OB and double concussion hits delivered in melee combat.,6
Hevik,General Purpose,---,---,---,very hard,Leaves,Ingest,12sp,0,Drawback causes spastical cramps user will be out/prone for 1-10 rounds thereafter at -10 to all activity. Nerve damage.,Intoxicant. Induces sleep for 11-20 hours. RR vs 10th lvl if ingested. RR vs 3rd lvl if smoked.,10
Hiam,Nutrition/Refreshment,---,---,---,hard,Moss,Ingest,5bp,0,Drawback: outside the hillmen society some people are allergic to Hiam moss causing them to suffer convulsions and eventually dying a horribly torturous death if RR fails by 21+.,1 days nutrition. Those who ingest Hiam moss find themselves alert and vigorous for 24 hours. Can be used for max 4 consecutive days. After that time a user must rest (or be at -75 to all activity) for twice as many days as he have used the herb. ,6
Himros,Burn/Exposure Relief,---,---,---,very hard,Leaves,Apply,15sp,0,,Cures burns. Will heal the injuries from 1 wound in 8 hours (including penalties and hits). Also relieves Pangwood inflammation.,9
Hith-i-girith,Poison,---,---,---,hard,Leaf,Liquid,33sp,0,,Vapor from a live tree causes immediate and continuing sleep. Target cannot be awakened (except through magic or antidotes) and the sleep is permanent. Hard to find and extremely rare since the Hith-i-girith will only sustain for 12 hours after being harvested.,4
Hoak-Foer,Muscle/Cartilage/Tendon Repair,---,---,---,easy,Flower,Ingest,25sp,10,If drawback occurs the ingester of the herb suffer a temporary loss of movement for 1-10 weeks. During this period user is at -15 to all moving maneuvers.,Cures mental diseases in 1-6 days depending on severity. Will also cure mind loss (i.e stat loss in any non-physical stat). Stats temporary lowered by Stat Gain rolls or spells are increased by 1 point per day after the herb is ingested until it reach its former value. ,10
Hugar,General Purpose,---,---,---,medium,Root,Ingest,1sp,10,Drawback equals the same effects as from a Mild circulatory poison.,Harmless circulatory poison. Causes sleep and deep unconsciousness within 6-12 rounds of ingesting. Sleep lasts for 1 hour per 10 failure but no longer than 3 hours maximum. 1 hours sleep equals 4. ,6
Hugburtun,Circulatory Relief,---,---,---,very hard,Fruit,Brew,90sp,0,,Immediately stops any form of bleeding. All wounds will close and stops internal bleeding stops. Hugburtun restores blood vessels to normality.,18
Hulmiikak,Poison,---,---,---,extreme,Ants,Paste,28sp,0,,Muscle poison. Made from desert ants. RR failure by 26+ causes victims eyesight to be grumbled and all actions to be at -25 for 1 day per 1 failure. If RR failure is 51+ the effect is permanent.,5
Igturfas,Poison,---,---,---,absurd,Snakes,Liquid,80sp,0,,Muscle poison. Causes convulsions and muscle spasms. RR failure by 26+ puts victim at -50 to all actions for 1 hour per 1 failure (up to a maximum of 50 hours). RR failure by 51+ equals death in 6 hours due to shock and heart failure.,8
Jadaras,Poison,---,---,---,medium,Grass,Brew,15sp,0,,A disease confered via the Jadar Grass. A victim who fails RR has his AG-stat lowered by 30. The stat does not begin to rise until a second RR is made. Victim is entitled to one RR each week. The disease have a 24 hour incubation period. Any stat loss below zero kills victim.,3
Januk-ty,Stun Relief,---,---,---,very hard,Root,Brew,6sp,0,,Stun Relief. Removes 3 rounds of stun or stun no parry from one critical. Duration is 12 hours or until first critical that causes stun.,11
Jegga,Poison,---,---,---,hard,Bats,Paste,32sp,0,,Respiratory poison. Gives off a notable smell. Causes 1-100 hit points immediately when entering blood system.,7
Jeggarukh,Poison,---,mild temperate,underground,hard,Bats,Powder,71gp,3,,Black powder gives 10-100 hits.,6
Jitsu,Poison,---,mild temperate,ocean/saltwater shore,medium,Clams,Liquid,34gp,0,,Yellow venom gives 5-50 hits,5
Jitsutyr,Poison,---,---,---,very hard,Clams,Paste,84sp,0,,Respiratory poison. Tan paste destroys lungs. Victim bleed from mouth and is instantly nearly incapacitated (-75). If RR failure is 21+ victim will die in 10-100 rounds (+CO-bonus).,2
Joef,General Purpose,---,---,---,light,Plant,Ingest,20sp,0,,Allows mental summons of 1 sentient friend from up to 1 mile'/lvl. The friend know that he has been summoned but has no obligation to go to the summoner (i.e he is in no way forced). The process take 3 rounds of concentration. The summoned friend will know the distance and direction towards his friend for 24 hours.,10
Jojojopo,Burn/Exposure Relief,---,frigid,mountains,medium,Leaf,Apply,9sp,0,,Cures frostbite. Heals 2-20 hits resulting from cold.,6
Juth,Poison,---,arid,desert,hard,Scorpion,Liquid,41gp,0,,insanity in 1-100 weeks; Nerve poison. Causes gradual insanity over 1 week (see Hands of the Healer p.112). Victim take 2-20 hits at the first round of poisoning. ,2
Kakduram,Organ Repair/Preservation,---,hot and humid,jungle/rain forest,extreme,Fruit,Ingest,90gp,6,Drawback indicate a permanent reduction of hearing ability even though hearing is restored.,Restores hearing unless the ear is totally destroyed. ,11
Kaktu,Poison,---,---,---,extreme,Flower,Liquid,8sp,0,,Muscle poison. Victim suffers muscle spasms. RR failure by 1-15 confers a -20 penalty and increased fumble range for all moving maneuvers by +3. RR failure by 16-30 confers a -30 penalty and increases fumble range by +5. RR failure by 31-50 confers a -50 penalty and increases fumble range by +10. RR failure by 51+ nearly incapacitate foe (-75). All results last for 2-20 hours. ,1
Kalmogs Spoor,Poison,---,---,---,hard,Leaves,Paste,10sp,0,,Nerve poison. Instantly causes 2-20 hit points. After the 24 hour incubation period victim is at -10 per 10 failure for 6-10 days. Maximum penalty is -50.,8
Karfar,Poison,---,---,---,extreme,Leaf,Paste,23sp,0,,Circulatory poison. Redish paste causes heart to shut down. On a result of extreme failure death will occur in 2-12 rounds. Othervise the effects follow the 11.2.3 Effect descriptions table in RM FRP Gamemaster Law.,7
Kargijak,Concussion Relief,---,---,---,easy,Berry,Paste,6bp,50,If drawback occurs any non-orc user will be stunned for 1-2 rounds due to severe pain. The wound is certain to leave a scar in either case.,Berries from Mordor. Healing and rejuvenating effect: user instantly regains 20 hit points. ,4
Kaskamak,Combat Enhancement,---,---,---,absurd,Leaves,Ingest,8sp,0,,Chewing the leaves before combat ensures greater stamina and pain resistance. Add CON-bonus as a percentage to the characters hit total (equal to an Unpain spell lasting for 1 hour) and ignore any exhaustion points spenditure during this hour.,16
Kathkusa,Combat Enhancement,---,---,---,light,Leaf,Ingest,4sp,15,"If drawback occurs user take an ""A"" Stress Critical simultaneously with the effect (only first round). Dwarves are immune to this drawback.",User gets +10 OB and deliver double concussion damage in melee for 1-10 rounds.,8
Kelventari,Burn/Exposure Relief,---,---,---,light,Berry,Rub,9sp,0,,"1 dose heals the effects of a 1st or 2nd degree burn (one critical ""A"" take 1 hour ""B"" take 2 hours ""C"" take 4 hours ""D"" take 6 hours and ""E"" take 8 hours to heal). The herb also instantly relieves 1-10 hit points delivered by burns.",8
Kilmakur,Physical Alteration/Enhancement,---,---,---,extreme,Root,Brew,19sp,0,,Protects versus flame and heat for 1-10 hrs. Character has a +30 DB vs all heat attacks.,13
Kirsemal,Combat Enhancement,---,---,---,medium,Bark,Brew,2sp,0,"If drawback occurs user will have the option to abandon his Adrenal Move or take an ""A"" Stress Critical for the first round ""B"" for the second round and ""C"" for the third round.",Allows for Adrenal maneuvers to be prolonged for 3 consecutive rounds (must roll for skill each round). The effect of Kirsemal wears off after the adrenal move have been used or 12 hours pass (i.e Adrenal Move must be performed within 12 hours of intake).,9
Kirtir,Combat Enhancement,---,---,---,hard,Buds,Inhale,2sp,0,If drawback occurs temp CO-value is reduced by 2-20 for 1-10 hours.,Powerful stimulant. Characters QU (stat bonus) is raised by +10 while AG is lowered by -5 for 1 hour. ,10
Klabas,Poison,---,---,---,medium,Buds,Ingest,40sp,0,,Nerve poison. Over a period of 1-10 hours victim increasingly suffers the effects from 11.2.3 Poison Effect descriptions table. When the initial incubation period has passed if the RR failure was 21+ victim will be incapacitated and uncapable to perform any actions (-100) until cured.,10
Klagul,Physical Alteration/Enhancement,---,---,---,light,Bud,Brew,15sp,0,If drawback occurs user gets a horrible migraine beginning within 6-10 hours and lasting 1-10 hours. This head ache gives user a -25 to all actions.,Provides elven eyesight for 6 hours. Imbiber can see perfectly at night (300') without lightsource as long as there is starlight. Also confers a slight infravision (30') so that things that emanate heat are more visible in darkness. ,7
Klandun,Muscle/Cartilage/Tendon Repair,---,---,---,very hard,Fern,Ingest,150sp,0,,Cures paralysis. Immediate effect.,9
Kly,Poison,---,---,---,hard,Berry,Paste,27sp,0,,Respiratory poison. Has effects according to the 11.2.3 Effect Descriptions Table. In addition the victim take 1-100 hit points on a failure between 1-25 2-200 hit points on a failure by 26-50 and 3-300 hit points on a failure of 51+. These hits are distributed over a course of 6 rounds.,3
Klynyk,General Purpose,---,---,---,easy,Oyster,Apply,2sp,0,,Removes hair for several days. Take 12-24 hours to take effect.,4
Klytun,Poison,---,---,---,medium,Root,Paste,25sp,0,,Circulatory poison. A golden paste that initially stuns victim (without parry) for 1 rnd per 10 failure. Thereafter showing gradually over 1-10 hours the poisoning causes catatonia for 1 day/10 failure. Over 1-10 hours victim first become sluggish and slow thereafter unresponsive and finally fully catatonic.,5
Kolandor,Muscle/Cartilage/Tendon Repair,---,---,---,absurd,Leaves,Apply,450sp,0,If drawback occurs a malformed and useless limb will grow back.,Regenerates limbs in 6 months. ,20
Kujanikapurd,Nutrition/Refreshment,---,---,---,medium,Mushroom,Ingest,5sp,0,If drawback occur user will be drowsy and unbalanced all maneuvers at -30 for the day.,1 days nutrition.,6
Kuwurn Yorf,Poison,---,---,---,medium,Mold,Ingest,25sp,0,,Respiratory poison. Slowly destroys lungs. Victim suffers incapacitation and painful death in 2-3 days on a a moderate RR failure (26+).,5
Kykykyl,Physical Alteration/Enhancement,---,---,---,easy,Bread,Ingest,66sp,0,,Haradrim bread secret recipe. Made from a plethora of quite common herbs. Allows one to see with perfect clarity for 1 hour regardless of environment or injuries. Keeps 2-20 weeks.,6
Latha,General Purpose,---,---,---,medium,Stem,Brew,3sp,0,,Cures common cold in 1-10 hours depending on severity. Provide +10 to RR vs disease for 24 hours. Heals 1-2 hit points over 20 rnds.,2
Laurelin,Life Preservation,---,---,---,absurd,Leaf,Ingest,1600sp,0,,Lifegiving for Elves within 28 days of death. The damage that caused death must have been restored before application. Revival takes 24 hours.,30
Laurre,Muscle/Cartilage/Tendon Repair,---,---,---,absurd,Flower,Ingest,150sp,0,,Cures Morgurth in 24 hours. Also usable to awaken anyone from almost any sleep catatonia or coma condition (take 1-10 rounds).,15
Laurus,Stun Relief,---,---,---,medium,Tobacco,Insert,3bp,0,,Putting Laurus under the lip provide +25 bonus to Stunned Maneuver.,2
Lawrim,Poison,---,---,---,medium,Lichen,Paste,3sp,0,,Muscle poison. Causes rashes and pains followed by muscle spasms. Victim take 3 hits per round beginning 6 rounds after poisoning and lasting for 1 round per 1 failure. 12 rounds after poisoning muscle spasms causes a -20 penalty.,1
Lembas,Nutrition/Refreshment,---,---,---,absurd,Bread,Ingest,20sp,0,,Elven waybread. Lembas feeds the will providing +15 to RR vs disease poisons and will contests (SD) and +15 Exhaustion points. It keeps for many years without deteriation. 1 thin cake sustains a full grown man for 1 day.,1
Lemsang,Nutrition/Refreshment,---,---,---,hard,Mushroom,Ingest,8sp,0,,Dwarven mushroom. Dried it keeps for many weeks without deteriation. 1 weeks nutrition.,6
Lenhafn,Nutrition/Refreshment,---,---,---,hard,Fungus,Ingest,7sp,0,,Long lasting dried mushroom 2 pounds is enough to feed a man for 1 week.,4
Lestagii,General Purpose,---,---,---,absurd,Crystal,Ingest,75sp,15,Drawback indicate herb has no beneficial effect and user falls asleep 25-34 hours (24 + 1d10) within 1-10 minutes of ingestion.,When ingested the user falls into a deep sleep lasting for 24 hours. During that time any stat loss other than due to age will be restored (up to a full potential). Each dose affects only one stat. ,18
Lhugruth,Poison,---,---,---,very hard,Dragon,Liquid,70sp,0,,Conversion poison. Dragon blood dissolves afflicted area in 1-10 rounds. Affects metals & organic substances. If thrown use the Acid Ball attack table with x2 concussion damage. If swallowed death in 1-10 rounds. A successful RR means survival but victim is incapacitated with severe internal organ damage.,10
Lichen Gloriosa,General Purpose,---,---,---,extreme,Lichen,Apply,2sp,0,,Sharpens swords to cut even stone. The effects last for 1-10 strokes. Provide non-magical weapons with an additional +5 OB for 1-10 attacks depending mostly on what armor the enemy wears.,9
Lothfelag,Poison,---,---,---,extreme,Resin,Ingest,8sp,0,,Nerve poison. RR failure by 1-50 equals quick sleep for 1-10 hours. RR failure by 51+ equals coma for 1 month per 10 failure.,1
Lothfelag,Life Preservation,---,---,---,extreme,Flower,Ingest,777sp,0,,A rare flower sought after for its lifegiving and lifekeeping effect on dwarves. It has the power to revive (Lifegiving) any dwarf that has not been dead for more that 7 weeks (provided that his injuries were healed and the body preserved). It will also serve as a 7 week lifekeeper. On a non-dwarf the Lothfelag immediately heals all hits and stun effects.,24
Lothnimgil,Physical Alteration/Enhancement,---,---,---,extreme,Flower,Ingest,26sp,0,,Elven flower grows in and near Lothlorien. Heals user of 1-10 hit points. Provide extended self-confidence and allows additonal +5 to all actions for 24 hours.,12
Lu-jy-Mirenna,General Purpose,---,---,---,extreme,Berry,Ingest,10sp,20,The herb still work even if drawback is rolled but the visions are then so disturbing that the character must resist (with SD-bonus) not to act upon them.,Beneficial visions. Powerful hallucinogen that puts user at -15 to all actions for 1-10 hours during which he has visions of the future the present and the past. ,10
Luminous Vrak,Circulatory Relief,---,---,---,medium,Fungus,Apply,5sp,0,,Seals one bleeding wound (of less or equal to 6 hits per round) in 5 rounds.,6
Lus,Poison,---,---,---,light,Flower,Paste,24sp,0,,Conversion poison. Victims that fail RR by 1-10 is temporary blinded for 1-4 hours. RR failure by 11-20 equals permanent blindness failure by 21-50 equals coma and blindness and a RR failure by 51+ means coma blindness and later death (21-30 hrs).,6
Madarch,Concussion Relief,---,---,---,very hard,Mushroom,Brew,10sp,0,,Heals all cuts and restores blood vessels in 2 hours. User is relieved of all hits taken. The herb requires user to rest or healing time will be prolonged until user rests properly.,8
Madwort,Poison,---,---,---,medium,Leaves,Paste,30sp,0,,Circulatory poison. RR failure by 01-25 induces madness for 11-20 rounds (irrational behaviour mad screaming suicidal tendencies etc). Victims failing their RR by 26-50 suffer 21-30 rounds of sensory disturbance during which the victim is at -50 (if in combat might attack allies due to confusion). RR failure by 51+ causes permanent brain damage and loss of 11-20 points from RE-stat.,4
Maiana,Antidotes,---,---,---,routine,Leaf,Brew,7sp,0,,Halves the negative effects of lung afflications and respiratory disease (i.e halves the penalties from respiratory poisons and diseases). Take 4 hours for full effect.,5
Margath,Pain Reduction,---,---,---,easy,Fungus,Paste,2sp,20,,Astringent lotion. When placed on a wound it lowers the penalties from that wound by 10. Only one dose can affect each wound. Margath also prevent infections. AF failure causes the herb to only have effect for 1-10 minutes thereafter the pain (and penalties) return.,4
Marku,Physical Alteration/Enhancement,---,---,---,very hard,Nut,Ingest,22sp,0,,Provides user with infravision (100') for 6 hours. This vision is able to see through even magical darkness.,10
Megillos,Physical Alteration/Enhancement,---,---,---,light,Leaf,Ingest,4sp,0,Drawback confers headache and dizziness (-10 penalty for all manuevers other than perception) for the duration.,Aka. Megilloth. If eaten fresh: increases visual perception by 50-500\\% for 10 mins. If roasted  the range of vision lasts for 4-8 hours. Usually this herb confers a +10 perception modification for the duration. ,10
Menelar,Antidotes,---,---,---,hard,Cone,Brew,10sp,0,,Cures infections and functions as an antidote for circulatory poisons. Stops any further damage but do not reverse effects already taken place.,7
Merrig,Physical Alteration/Enhancement,---,---,---,folly,Thorn,Brew,2sp,15,Drawback indicate an addiction to the herb. See addiction rules in Gamemaster Law p. 90.,Daily ingestion for 10 consecutive days increases PR and AP-stat by 5 (cannot exceed 102). Interruption and withdrawal from a habit of Merrig use means loss of stats (-10 CO -5 RE -5 PR and -5 AP).,12
Mir-Melellen,Antidotes,---,---,---,extreme,Nectar,Apply,75sp,0,,Cures and reverses the effects of any poison. Full reversion take 20 rounds.,18
Mirenna,Concussion Relief,---,---,---,light,Berry,Ingest,1sp,0,,Red berry. Heals 10 hits. Instant effect.,1
Miretars Crown,Circulatory Relief,---,---,---,very hard,Flower,Apply,11sp,0,,Instantly stops bleeding of any one wound. Bleeding resumes if flowers are removed before 10 minutes have passed.,11
Mook,Antidotes,---,---,---,light,Berry,Ingest,5sp,0,,Antidote for respiratory poisons. Stops any further damage. Effects that have already taken effect is not reversed.,4
Moonthumb,Concussion Relief,---,---,---,extreme,Fungus,Ingest,3bp,0,,Heals 1-10 hit points.,2
Moourark,Poison,---,---,---,absurd,Venom,Paste,44sp,0,,Conversion poison. Powerful bat venom that slowly dissolves victims bones. Process starts in 20 rnds and causes incredible pain (-10 per 5 RR failure). Victim is immobilized (-100) in pain after 11-20 minutes. On an RR failure of 51+ victim will die within 11-20 days of intense pain and inactivity.,5
Morgurth,Poison,---,---,---,absurd,Blood,Ingest,900sp,0,,Conversion poison. Extremely rare. One of Middle Earths most powerful poisons causes the brain to dissolve. Even if victim pass his RR he will fall into a coma for 1-100 years.,15
Muilfana,Poison,---,---,---,medium,Sap,Liquid,17sp,0,,Reduction poison. Contact with saliva turns to acid. Destroys esophagus. Victim spits a lot of blood. RR failure by 01-25 results in loss of speech and causes internal bleeding at a rate of 1 hit per round for 11-20 rounds. Failure by 26+ causes internal bleeding at a rate of 1 hit point per 5 failure (and loss of speech).,2
Mur,Life Preservation,---,---,---,folly,Resin,Apply,275sp,0,For every hour beyond the fourth there is a -10 penalty to Herb Lore roll.,Lifekeeping for 2-20 days. Must be applied when fresh and will keep its potency only for a few hours.,26
Murnan,Poison,---,---,---,extreme,Sap,Apply,21sp,0,Can be used in several forms including ingestion and injection into blood stream.,Conversion poison. RR failure by 01-25 equals head ache and heavy fever (-25) for 1 day per 10 failure.,3
Naza,Antidotes,---,---,---,absurd,Leaf,Ingest,105sp,0,,Aka Ul-Naza. Universal antidote with immediate effect. The Naza will cleanse the body of poisons and reverse all ill effects. Must be taken within 24 hours of poisoning.,20
Nelisse,Nutrition/Refreshment,---,---,---,hard,Leaf,Brew,8bp,0,Drawback indicates that after drinking the brew user become sluggish and tired performing at -50 for 1 hour.,1 days nutrition. ,6
Nelthandon,General Purpose,---,---,---,routine,Plant,Ingest,1bp,0,,Emetic. Induces vomiting in 20 mins. Vomitting lasts for 1-2 hours and puts victim at -20 while it lasts.,1
Nen Calgalen,Poison,---,---,---,extreme,Root,Paste,16sp,0,,Circulatory poison. Victim gets convulsions. RR failure by 01-15 equals -50 for 10-100 rounds RR failure by 16-30 equals 100 hits taken over 1-10 rounds and RR failure by 31+ lowers CO EQ RE IN and PR by 1-100 points (temp). The results are cumulative.,2
Nimnaur,Poison,---,---,---,hard,Spider,Liquid,18sp,0,,Conversion poison. Destroys one kidney in 1-10 minutes if victim fails RR by 51+. A destroyed kidney leave victim at half pace i.e halved movement -50 to all physical actions.,3
Numenelos,Muscle/Cartilage/Tendon Repair,---,---,---,hard,Moss,Powder,190sp,0,,Complete nerve regeneration in 1-100 minutes (depending on severity of injury a damaged nerve causing a -10 penalty should take a minute while a completely destroyed nervous system would take 100 minutes).,12
Nur-Oiolosse,Life Preservation,---,---,---,folly,Clove,Ingest,500sp,0,,Lifegiving if taken within one day. All mortal wounds must have been healed before herb is ingested othervise target will die as soon as he is revived. Kills then one day later unless Sorul nut is ingested.,30
Oiolosse,Life Preservation,---,---,---,folly,Clove,Ingest,750sp,0,The revived elf will be drowsy (-30) and slow for 10-100 days after revival.,Lifegiving for Elves if given within 7 days of death. Take 20 rounds to revive a dead elf.,30
Olvar,Life Preservation,---,---,---,very hard,Flower,Ingest,56sp,0,,Soulkeeping for 2-10 days. Prevents the soul from leaving a dead body.,13
Ondohithui,Poison,---,---,---,hard,Lichen,Paste,25sp,0,,Reduction poison. Blue-grey paste causes fatal dehydration in 11-20 minutes on a RR failure on 51+. Foe is at -10 per minute that pass from time of injection. Othervise see the regular effects for reduction poisons.,3
Ondokamba,Poison,---,---,---,light,Bat,Liquid,60sp,0,,"Conversion poison. Magical green venom that acts within 2-20 rounds. Severe effects (51+) turns 1-4 appendages (hands and feet) into heavy grey ""stone"". Appendages affected are useless; -25 for each. Victim suffers physcially and will if not cured lose the affected appendages within a week.",2
Orn,Poison,---,---,---,very hard,Sap,Apply,15sp,0,,Reduction poison. Gives 1-10 hits immediately and warts and scars within 24 hours. The scars are permanent warts will dissappear over 3-10 days.,5
Other Eyes,Physical Alteration/Enhancement,---,---,---,hard,Fungus,Brew,48sp,0,,"Gives imbiber a ""sixth sense"" bound to notice hidden and secret items providing +50 to Perception skills when searching for such. ",9
Pangwood,Poison,---,---,---,medium,Tree,Contact,0tp,0,,Complex description see Hands of the Healer p.127,V
Pargen,Life Preservation,---,---,---,folly,Berries,Ingest,15sp,0,,Stops deterioration of organic material (bodies) for 4 days. During this period all magical healing and herbs will have full effect (i.e don't roll for effect chose maximum).,15
Pathur,Life Preservation,---,---,---,medium,Nodule,Brew,6sp,0,,"Soulkeeping for 1 hour. Must be administered before the soul has departed the body i.e within the number of rounds equal to the victims soul departure. The soul stays in the ""dead"" body for 1 hour. If the body is healed of its mortal wound within that hour the person survives.",8
Pawlun,Poison,---,---,---,medium,Sap,Ingest,3sp,0,,Reduction poison. Victim suffers loss of teeth.     50-100\\% of teeth fall out within 1 week.,1
Phacalus,Physical Alteration/Enhancement,---,---,---,light,Root,Ingest,3sp,10,Drawback puts user into coma for 4 days all stats are decreased by 15. Complex description see Hands of the Healer p.128.,A herb used by the Beffraen in their religious ceremonies. PR IN EM RE & EQ are increased by 1 permanently (cannot exceed 102). The Beffraen have due to genetic differences no increased drawback risk on this herb.,10
Plant-like Stone,Circulatory Relief,---,---,---,very hard,Fungus,Apply,25sp,0,,Seals one bleeding wound (unless limb is severed) in 3 rounds and prevents infections.,17
Quilmufur,Antidotes,---,---,---,extreme,Root,Brew,25sp,0,,Antidote for conversion poisons. Reverse the effect of any conversion poison.,13
Red Willow,General Purpose,---,---,---,easy,Leaf,Brew,5bp,0,If drawback occur or more than 5 doses are used at the same time user (1-50) suffer nausea (-20) (51-75) falling blood pressure (25\\% risk each round of passing into unconsciousness) or (76-100) coma.,Herb commonly found in Dagorlad swamp. Cures fever. Also doubles the effect of the common healing herb Thurl. Relieves pain and swelling. Only 1 dose can have effect per day. ,1
Reglen,Concussion Relief,---,cool temperate,mountains,light,Moss,Brew,75gp,7,,Heals 50.,1
Rewk,Concussion Relief,---,cool temperate,decidous/mixed forest,light,Nodule,Brew,9sp,1,,Heals 2-20,1
Rorkandiis,Poison,---,---,---,medium,Saliva,Paste,25sp,0,,Reduction poison. Magical poison made from Great Hawk saliva. Dissolves cartilage in affected area. Take 2-20 minutes for full effect but pain increases gradually. RR Failure by 1-10 puts victim at -10 RR failure by 11-20 equals -20 RR failure by 21-30 equals -30 RR failure by 31-50 puts victim at -50 and RR failure by 51+ renders body part useless.,5
Rud-tekma,Physical Alteration/Enhancement,---,---,---,very hard,Fruit,Ingest,38sp,0,,Magical herb from the east. Increases Base Spell Casting by +20 for 1 hour. All moving maneuvers and OB are at -20. There is 10\\% chance for every spell cast while under effect of Rud-Tekma that the spell unintenionally is cast on nearest target.,11
Rumareth,Circulatory Relief,---,---,---,very hard,Leaves,Brew,3bp,0,Drawback causes user to be drowsy (-30 to all actions) for 1 hour after imbibing. Each week of storage after the first) provide a -10 penalty to Herb Lore roll when using.,Often used by the Angmarim. Stops bleeding from all wounds bleeding less than or equal to 3 hits per round. Causes bad scaring. Once the leaves have been brewed the brew will keep for 1 week.,4
Ruth-i-Iaur,Poison,---,---,---,extreme,Drakes,Liquid,35sp,0,Also come in paste form to coat edged weapons but usually priced at 20\\% higher cost.,Reduction poison. Cave drake saliva. Victim suffers a -10 penalty per 5 RR failure. RR failure by 51+ equals unconsciousness. The effect lasts for 2-20 minutes.,4
Ruthin,Poison,---,---,---,extreme,Crystal,Liquid,48sp,0,,Conversion poison. On a failure of 51+ stomach contents turn to jagged glass killing victim in 1-10 inactive and extremely painful rounds. ,6
Sailchas,Combat Enhancement,---,---,---,folly,Flower,Wear,0tp,0,,Eriadorian flower. If worn it provide +10 to morale & all RR's and +5 to DB for 1D5+2 days if it has been given by someone who loves the wearer. If sold it has no effect it has to be given with love for effect thus it has no price.,13
Sarnumen,Poison,---,---,---,extreme,Eel,Liquid,65sp,0,Also come in paste form to coat edged weapons but usually priced at 20\\% higher cost.,Muscle poison. Victim who fails RR suffers a -50 penalty for 1-10 minutes.,10
Seregmor,Poison,---,---,---,very hard,Flower,Paste,61sp,0,,Conversion poison. Converts blood to Kalirion. Blood sucking insects will be drawn towards victim. All stats drop by 50 pts but will rise at rate of 1 pt/day (unless victim is dead).,1
Sha,Physical Alteration/Enhancement,---,---,---,very hard,Flower,Brew,8sp,10,Drawback causes user to suffer a (-20 penalty)  diahorrea starting 11-20 hours after consumption lasting for 1-5 days. Many of the Hillmen of the Trollshaws are immune to this side effect.,Provide a 300' nightvision for 1-5 hours.,8
Sharduvaak,Poison,---,---,---,hard,Berry,Liquid,18sp,0,,Circulatory poison. Brown liquid that slows blood flow. Victim is at -10 per 10 failure and needs double the normal sleep to function at all.,3
Sharkasar,Poison,---,mild temperate,coniferous forest,very hard,Root,Paste,2gp,0,,Brown paste; Circulatory poison. Causes 3-30 hit points. ,10
Shen,Antidotes,---,---,---,very hard,Leaf,Ingest,20sp,0,,Antidote for nerve poison. Will reverse any effects from nerve poisons in 20 rounds.,10
Shirilos,Poison,---,---,---,folly,Seeds,Brew,90sp,0,,Truth serum/nerve poison. Victim who fails RR by 21+ is at -100 and suggestable for 1-100 rounds. Victim will spill anything asked about and is nearly physically incapacitated for the duration.,10
Shutinis,Poison,---,---,---,folly,Hultif Bug,Paste,27sp,0,,Disease. Victim who fails RR by 01-25 gets sick and is at -75 for 2-20 hours. RR failure by 26+ causes gradual mental insanity over 1-10 days in addition to the sickness.,3
Silmaana,Poison,---,mild temperate,tall grass,easy,Stalk,Powder,4gp,0,Also come in paste form to coat edged weapons but usually priced at 20\\% higher cost.,Silver powder scars skin; gives 5-50 hits.,9
Silraen,General Purpose,---,---,---,easy,Plant,Brew,5bp,5,Drawback does not interfere with the herbs positive qualities but adds a terrible headache (-15) for 1-10 hours after awakening.,Analgesic. Smells so strong that it cannot be hidden in food or drink. When consumed target must resist vs 4th lvl (poison) or fall asleep. The sleep is deep and unwakable. Usually used during surgical operations due to it's lack of harmless side-effects. ,3
Sindoluin,Circulatory Relief,---,---,---,easy,Flower,Apply,5bp,0,,Coagulant. Will stop bleeding from one wound that bleeds up to 3 hits per round. The patient may walk and move without the bleeding reopening so long as the Sindoluin plant remains attached to the wound.,8
Siran,Muscle/Cartilage/Tendon Repair,---,---,---,very hard,Clove,Ingest,95sp,0,The drawback on Siran is a rare skin disease that develops over 24 hours. Targets AP is lowered by 33\\% and the effects is even worse (50\\%) if skin is exposed to full sunshine. The disease will disappear in 1 week.,Restoration of 1 damaged organ. ,10
Siriena,Life Preservation,---,---,---,hard,Grass,Brew,23sp,0,,Preservation of organic material up to body size for 1 week.,10
Slird,Poison,---,---,---,folly,Fruit,Paste,31sp,0,,"Nerve poison. Acts in 1-2 rounds. Victim has 50\\% chance (minus SD-bonus) of ""blacking out"" each round. Poison is active for 6-10 rounds. During a black out victim is prone.",2
Slota,Poison,---,---,---,extreme,Spider,Paste,33sp,0,,Reduction poison. Take 2-20 rounds to take effect and causes partial upper body paralysis for 6-10 minutes. Victim is at -50 for the duration. On a moderate RR failure (26+) the paralysis continues and slowly increases during a 24 hour period. RR failures of 51+ eventually results in death due to lung failure.,5
Sorel nut,Antidotes,---,---,---,easy,Nut,Ingest,5cp,0,,Antidote for Nur-Oiolosse,4
Spider Venom,Poison,---,---,---,very hard,Venom,Paste,7sp,0,,Nerve poison. Causes partial upper body paralysis for 6-10 rounds (take 2-20 rounds to take effect). Victim is at -50 for the duration.,1
Splayfoot,Combat Enhancement,---,---,---,medium,Seeds,Brew,10sp,0,,"Aka Goodwort. For those ""good of heart"" instills confindence and strength. Provide +25 to all skills (not OB or DB) used for a single purpose. Bonus lasts for 1-4 hours.",12
Sulimquelote,General Purpose,---,---,---,medium,Flower,Brew,2sp,0,,"Fragrant scent for 1-4 hours. ""For the Ladies"". Rub some on the skin. One bottle lasts for 4 weeks for a day-to-day user.",1
Suranie,Stun Relief,---,cool temperate,freshwater coast and banks,light,Berry,Ingest,2gp,3,,Stun relief (1 round).,1
Surlok,Poison,---,---,---,medium,Fish Spines,Inject,23sp,0,,Rare disease. Victims fingers and toe's start to rot causing -1 to all actions per day that passes from the poisoning. Penalty will go no higher than -75 at which point all toe's and fingers have fully rotted away. Hands and feet are then totally useless of course.,5
Sweet Galenas,Physical Alteration/Enhancement,---,---,---,easy,Leaf,Smoke,1sp,10,Drawback indicate an addiction to the herb. See addiction rules in Gamemaster Law p. 90.,Euphoric relaxant. All within 10' radius are relaxed and anyone directly inhaling the smoke will be stoned (-75 to all maneuvers for 1-10 rounds).,3
Sweet Sorrel,Antidotes,---,---,---,hard,Leaves,Inhale,12sp,0,,Incense that acts as antidote for poisonous gases. Will instantly stop the effect of any poison in gasform but damage already done must be healed by other means.,8
Swigmakril,Combat Enhancement,---,---,---,very hard,Flower,Brew,5sp,10,If drawback occurs penalty is either -20 (1-50) or -30 (51-100) instead. Also herb is slightly addictive 10\\% chance.,Relaxant. User can take 200\\% concussion hits before passing out (i.e he die) but acts at -10 for the duration.,10
Tarfeg,Pain Reduction,---,---,---,extreme,Flower,Ingest,17sp,3,,Reduces pain. Lower penalties by 10. Tarfeg also repairs a sprain if victim rests for 8 hours. Using more than 3 doses in an 8 hour period simply does nothing good.,10
Tarnas,Muscle/Cartilage/Tendon Repair,---,---,---,very hard,Nodule,Brew,165sp,0,If drawback occurs user will be totally incapacitated for the duration (i.e 8 hrs) due to nausea and vomitting.,Repairs all damaged organs in one body.,10
Tartiella,Physical Alteration/Enhancement,---,---,---,light,Leaf,Smoke,8bp,10,Drawback indicate an addiction to the herb. See addiction rules in Gamemaster Law p. 90.,Euphoric. All stats drop by 10 for 1-10 hours. For more detailed description see Hands of the Healer p. 139.,4
Tatharsul,Muscle/Cartilage/Tendon Repair,---,---,---,light,Bread,Ingest,150sp,0,,Repairs nervous system to normal in 1-10 rounds.,14
Taynaga,Antidotes,---,cold,coniferous forest,hard,Bark,Powder,27gp,0,,Multipurpose herb. Brownish powder sterilizes and gives 5-50 hit points within 6-12 minutes. Can also be used to neutralize Jegga poison that not yet have had effect on target. For additional description see Hands of the Healer p. 139.,11
Teldalion,Pain Reduction,---,---,---,light,Bark,Apply,5cp,0,,Cures infections and reduces inflammations. If used continously during healing period it reduce the risk of permanent injuries.,1
Telek,Burn/Exposure Relief,---,---,---,very hard,Berry,Apply,48sp,0,,Cures frostbite in 10 rounds. Can be used on one wound inflicted by frostbite. Halves penalties and bleeding by half and heal 3-30 hit points resulting from cold.,12
Telperion,Concussion Relief,---,---,---,extreme,Leaf,Ingest,7sp,0,,Heals 10-100 hit points. ,12
Terbas,Nerve Repair,---,mild temperate,decidous/mixed forest,light,Leaf,Apply,2gp,4,,Heals nerve damage. Require 1 day per -10 penalty for recovery. A nerve damage causing victim a -30 penalty will heal in 3 days with the help of Terbas.,2
Tharm,General Purpose,---,---,---,routine,Kelp,Apply,15bp,0,,Sun lotion. Protects versus the extreme sun in the deserts of southern Middle Earth. The price noted is for a 8 oz bottle (225 gr) which lasts for about 1 week during normal use.,1
Thembitul,Physical Alteration/Enhancement,---,---,---,folly,Flower,Ingest,36sp,0,,Provide +50 RR vs disease and poisons.,12
Thrang,Poison,---,---,---,medium,Panther glands,Paste,15bp,0,,Nerve poison. RR failure results in loss of colour vision.,5
Thrayniis,Poison,---,---,---,medium,Liquid,Ingest,16sp,0,,Nerve poison. Fleas blood. Causes total paralysis after 3-30 minutes. Victim will be paralysed for 10 minutes per 10 RR failure.,6
Thurl,Concussion Relief,---,---,---,routine,Clove,Brew,3tp,0,,Heals 1-4 hit points. Brew keeps 1-2 weeks.,1
Thurviik,Poison,---,---,---,folly,Gas,Gas,60sp,0,,Nerve poison. Alchemic mixture powerful sleeping agent. Victim that fails RR by 101+ will go into coma. Others into unwakeable sleep for 3 hours. The price is for enough gas to cover a 10x10x10' room with full effect.,20
Trudurs,Physical Alteration/Enhancement,---,---,---,medium,Moss,Brew,2sp,0,,Provide +10 to RR versus disease for 6-10 days.,5
Trusa,Poison,---,---,---,folly,Frog,Paste,36sp,0,,Muscle poison. RR failure by 01-15 causes blindness in one eye RR failure by 16-30 causes blindness in both eyes RR failure by 31-50 causes coma and RR failure by 51+ causes coma and eventually death in 6-10 hours.,4
Tukamur,General Purpose,---,---,---,medium,Grass,Brew,9sp,100,,Euphoric. Allows shared dreams with friend(s) similarly affected within 50 miles/level. The range is counted on the highest level friend. This herb causes addiction in all cases (see rules for withdrawal) which lower its popularity.,8
Tulaxar,Circulatory Relief,---,---,---,very hard,Leaves,Brew,35sp,0,If drawback occurs user must RR vs a 12th level poison. Failure by 1-25 causes drowsiness (-30) for 1 hour failure by 26+ causes heart attack unconsciousness and possibly death (25\\%).,Stops all bleeding in one body. Take 3-6 rounds to take effect. Wounds will not reopen. ,12
Tyr-fira,Life Preservation,---,---,---,absurd,Leaf,Apply,1100sp,0,,Lifegiving if given within 56 days.,30
Ucason,Muscle/Cartilage/Tendon Repair,---,---,---,extreme,Grass,Smoke,36sp,0,,Cures blindness from nerve damage spells or any reason as long as the eye is not physically destroyed.,11
Ukur,Nutrition/Refreshment,---,---,---,medium,Nut,Ingest,6bp,0,Drawback indicate user has a -10 due to hunger unless something else is ingested.,One nut equals one days nutrition.,6
Ul-acaana,Poison,---,---,---,absurd,Flower,Paste,450sp,0,,Nerve poison. Total paralyses instantly as nervous system is destroyed. Victims failing RR by 01-25 is permanently paralysed. RR failure by 26-50 sends victim into coma and RR failure by 51+ first paralyses then kills victim within 1-10 minutes.,20
Ul-Naza,Antidotes,---,---,---,folly,Leaf,Ingest,105sp,0,,Legendary antidote said to grow only in the wasteland were a Vala has walked. Will reverse the effects of any poison (even death) if taken within 1 day.,20
Ul-Ucason,Muscle/Cartilage/Tendon Repair,---,---,---,folly,Grass,Smoke,150sp,0,,A magically enhanced variant of the Ucason herb. Restores eye-sight to any victim even if eyes are destroyed. ,11
Ulginor,Nutrition/Refreshment,---,---,---,routine,Bread,Ingest,15bp,0,,1 days nutrition per slice. Keeps 1-2 months. Tastes of cheese & spinach. A 10 slice loaf costs 15 sp.,1
Uraana,Poison,---,cool temperate,short grass,light,Leaf,Paste,12gp,6,,Creamy paste gives 3-30 hits,6
Valanar,Antidotes,---,---,---,absurd,Leaf,Ingest,40sp,0,,Antidote for Karfar. Will reverse the effects even death if given within 24 hours of poisoning.,20
Vaxvarna,Poison,---,---,---,folly,Snake,Apply,35sp,0,,Circulatory poison. The area touched will quickly get a blueish tint. Initially the poison stuns victim for 1 round/10 failure. Thereafter (within 2-20 rounds) it causes weakness nausea and loss of    5-50 hit points. In 5-50 rounds the touched part will become useless.,5
Veldurak,Burn/Exposure Relief,---,---,---,hard,Kelp,Apply,32sp,0,,Cures frostbite. Heals 1-50 hits and lowers a penalty by 15 from a wound resulting from cold.,10
Vemaak,Poison,---,---,---,medium,Hornets,Paste,5sp,0,,Reduction poison. Destroy foe's hearing. Foe is stunned for 1 round per 5 failure. -50 to perception rolls based partly on hearing.,1
Vessin,Burn/Exposure Relief,---,---,---,hard,Clams,Apply,30sp,0,,"Cures 2nd degree burns (a burn from either an ""A"" ""B"" or ""C"" severity critical) in 20 rnds or 3rd degree burns (""D"" or ""E"" severity critical) in 8 hours. Vessin will completely remove all hits and penalties resulting from burn.",10
Vinuk,Stun Relief,---,---,---,medium,Root,Brew,7sp,0,,Stun Relief. Removes 1-10 rounds of stun or stun no parry from one critical. Duration is 1 hour or until first critical that causes stun.,6
Viper's Bane,Antidotes,---,---,---,absurd,Fungus,Ingest,80sp,0,,Universal antidote. Relieve the target of any poisonous effects (less than death) in as many rounds as the poison's level. Must be taken within 24 hours of poisoning.,12
Vipersweed,Antidotes,---,---,---,medium,Root,Brew,15sp,0,,Antidote for Asgurath and most other snake venoms. Will reverse the effects instantly.,9
Vulcurax,Life Preservation,---,---,---,absurd,Berry,Apply,1000sp,0,,Lifegiving if given within 30 days. This mythical berry grows only in the forests of Taur Galen in southern middle earth. They do not work on elves. All damages must be healed by other means before the berry is applied.,30
Vuraana,Poison,---,hot and humid,tall grass,medium,Flower,Paste,42gp,6,,Pinkish paste delivers 1-100 hits.,2
Water Hemlock,Poison,---,---,---,extreme,Plant,Liquid,24sp,0,,Conversion poison. RR failure by 01-25 incapacitate victim for 1-10 hours. RR failure by 26+ confers quick death due to blood poisoning.,3
Waters of Fire,Combat Enhancement,---,---,---,hard,Acid,Liquid,9sp,0,"If a ""C"" or higher critical is achieved victim will take an ""A"" severity Acid critical for 1-5 additional rounds.",Acid. Can be thrown at enemies. Attacks with a -20 penalty on the Fireball attack table (all criticals are Acid). Garments dissolve in 1-6 rounds.,1
Wek-baas,Poison,---,---,---,absurd,Fish,Liquid,55sp,0,,Nerve poison. Take 10 rounds plus victims CO-stat bonus to take effect. RR failure by 1-15 causes  unconscious for 1 hour/10 failure. An RR failure by 16-30 does the same but also adds -75 to victim for 6-10 days (after waking from unconsciousness). RR failure by 31+ equals death within 1-10 hours of unconsciousness.,5
Wek-wek,Muscle/Cartilage/Tendon Repair,---,---,---,folly,Nodule,Brew,175sp,0,,Magical herb that repairs all damaged organs in one body within 2-20 rounds. ,16
Welwal,Stun Relief,---,---,---,extreme,Leaf,Ingest,5sp,0,,Leaf put on the tongue acts as stun relief. Removes 3 rounds of stun or stun no parry from one critical. Duration is 1 hour or until first critical that causes stun.,11
Wifurwif,Muscle/Cartilage/Tendon Repair,---,---,---,extreme,Lichen,Ingest,210sp,0,,Nerve repairs. ,16
Winclamit,Concussion Relief,---,---,---,extreme,Fruit,Ingest,9sp,5,If drawback occurs user is sluggish and slow (acts at -10) for 11-20 minutes after taking the herb.,Heals 3-300 hit points instantly upon ingestion.,14
Witav,Stun Relief,---,---,---,very hard,Leaf,Ingest,4sp,0,,Stun relief. Allows ingester to ignore 2 rounds of stun or stun no parry from the first critical taken within 12 hours.,8
Witch-Hazel,Pain Reduction,---,---,---,light,Flower,Brew,6sp,0,,Anesthetic. Reduce pain from small cuts and relieves muscle aches. Heals 1 hit point per minute (up to a maximum of 15 hit points) and lowers pains by 10. ,5
Wolfstooth,Poison,---,---,---,extreme,Root,Paste,46sp,0,,Muscle poison. RR failure by 1-25 causes muscle spasms (-50 for 11-20 rounds). RR failure by 26-50 lowers CO-stat by 11-20 points in addition to the above result. RR failure by 51+ causes death in    11-20 rounds due to heart failure.,7
Worlclivur,Poison,---,---,---,folly,Lichen,Paste,18sp,0,,Muscle poison. RR failure by 01-25 results in tormenting pain -50 for 1 minute per 10 failure. RR failure by 26-50 equals -50 for 1 hour per 10 failure RR failure by 51-75 results in -75 for 1 hour per 10 failure RR failure by 76-100 results in immobilization (-100) for 1 day per 10 failure and RR failure by 101+ equals death by heart attack.,2
Wt Berried Yew,Poison,---,---,---,medium,Berry,Ingest,25sp,0,,Muscle poison. RR failure by 51+ equals death in   1-10 rounds. Othervise consult the Poison Descriptions table in Gamemaster Law p. 94.,5
Yake Ferns,Poison,---,---,---,medium,Sap,Ingest,50sp,0,,Conversion poison. Tongue rots off in 1-100 rounds.,10
Yaran,Physical Alteration/Enhancement,---,---,---,easy,Pollen,Ingest,17bp,0,,Increased sensitivity to smell and taste allows user to detect poisons (and other things) on blades or in food. +50 to all perception based on smell/taste for 1 hour including Poison perception.,2
Yavethalion,Concussion Relief,---,mild temperate,ocean/saltwater shore,hard,Fruit,Ingest,45gp,4,,Heals 5-50.,6
Ylvort,Pain Reduction,---,---,---,folly,Flower,Brew,12sp,5,If drawback occurs user become sluggish and unbalanced fighting at -10 until the herb wears off. The positive effects still apply.,Taken before user enters combat the Ylvort lowers all penalties taken by 10 for the duration. All penalties return when duration ends. ,10
Yuth,Antidotes,---,---,---,folly,Flower,Ingest,5sp,0,,Antidote for nerve venoms. Will only stop the poison from doing further damage not reverse the effects already taken.,14
Zaganzar,Poison,---,cool temperate,mountains,very hard,Root,Liquid,139gp,0,,Reduction poison. Instantly causes 1-10 hit points and on a severe failure (51+) turns optic nerves to water and blinds victim in 2-20 rounds.,5
Zulsendura,Combat Enhancement,---,---,---,medium,Mushroom,Ingest,10sp,10,If drawback occurs user will lapse into deep sleep at the end of the 3 round effect. The sleep will last for 10 minutes per dose taken and it is impossible to rouse the user for the first 3-30 rounds.,A rare mushroom that grows in vulcanic caves. It provides extreme quickness (equals Haste) for 3 rounds ,11
Zur,Physical Alteration/Enhancement,---,---,---,medium,Fungus,Brew,27sp,0,,Enhances smell and hearing for 1 hour. The hearing range is increased by x3 and that will provide +50 to perception based on hearing.,6
